id,date,volume,extent
90373,1948-04-21,BMC-News-vol34-no21,4
87034,1936-02-26,BMC-News-vol22-no14,6
90136,1948-12-08,BMC-News-vol35-no10,6
92058,1956-10-10,BMC-News-vol43-no2,6
92208,1961-10-11,BMC-News-vol48-no3,6
87358,1930-02-26,BMC-News-vol16-no14,6
90447,1946-09-30,BMC-News-vol33-no1,4
6995,1918-03-21,BMC-News-vol4-no20,6
91258,1956-10-17,BMC-News-vol43-no3,6
90339,1948-10-06,BMC-News-vol35-no2,4
91117,1949-05-31,BMC-News-vol35-no25,6
90703,1951-03-21,BMC-News-vol37-no17,8
6803,1916-02-14,BMC-News-vol3-no15,6
35240,1919-11-25,BMC-News-vol6-no9,6
88218,1928-05-09,BMC-News-vol14-no24,6
91395,1954-12-01,BMC-News-vol41-no9,6
87811,1934-12-12,BMC-News-vol21-no8,6
35255,1920-04-28,BMC-News-vol6-no25,6
92109,1958-12-10,BMC-News-vol45-no9,6
86695,1924-03-19,BMC-News-vol10-no19,6
88596,1943-12-01,BMC-News-vol30-no10,4
90765,1948-02-18,BMC-News-vol34-no14,4
35235,1919-10-21,BMC-News-vol6-no4,4
6993,1918-03-14,BMC-News-vol4-no19,6
90653,1952-04-23,BMC-News-vol38-no22,6
93288,1968-03-01,BMC-News-vol54-no15,12
87299,1932-01-13,BMC-News-vol18-no10,4
91848,1955-05-02,BMC-News-vol41-no23,6
93301,1963-02-13,BMC-News-vol49-no12,6
6506,1915-01-07,BMC-News-vol1-no12,4
86616,1924-10-29,BMC-News-vol11-no5,6
35604,1921-04-13,BMC-News-vol7-no22,6
6989,1918-02-14,BMC-News-vol4-no15,6
88589,1943-05-01,BMC-News-vol29-no23,6
6499,1914-10-29,BMC-News-vol1-no5,4
91841,1962-05-09,BMC-News-vol48-no21,6
35616,1920-11-17,BMC-News-vol7-no8,6
92044,1960-03-23,BMC-News-vol46-no18,6
91811,1955-10-19,BMC-News-vol42-no3,6
6990,1918-02-21,BMC-News-vol4-no16,6
86630,1925-04-15,BMC-News-vol11-no22,6
89718,1951-02-28,BMC-News-vol37-no14,6
87839,1933-11-15,BMC-News-vol20-no6,8
92907,1965-02-12,BMC-News-vol51-no12,6
91945,1958-03-12,BMC-News-vol44-no16,6
90078,1951-03-14,BMC-News-vol37-no16,6
88022,1931-11-17,BMC-News-vol18-no7,8
6660,1916-03-22,BMC-News-vol2-no22,4
92431,1967-12-01,BMC-News-vol54-no10,4
88766,1937-11-17,BMC-News-vol24-no7,6
6512,1915-02-25,BMC-News-vol1-no18,4
88017,1929-12-18,BMC-News-vol16-no10,4
89258,1943-05-19,BMC-News-vol29-no25,4
90416,1952-03-05,BMC-News-vol38-no17,6
89211,1942-03-11,BMC-News-vol28-no18,6
93062,1967-11-17,BMC-News-vol54-no9,12
86914,1929-12-11,BMC-News-vol16-no9,4
88211,1926-11-10,BMC-News-vol13-no7,6
6811,1917-04-11,BMC-News-vol3-no23,6
89081,1941-04-23,BMC-News-vol27-no21,6
89175,1941-03-05,BMC-News-vol27-no16,4
89076,1939-10-18,BMC-News-vol26-no2,4
7770,1919-02-26,BMC-News-vol5-no18,6
92957,1964-04-10,BMC-News-vol50-no18,4
91530,1959-10-07,BMC-News-vol46-no2,6
88057,1929-10-30,BMC-News-vol16-no4,4
90390,1951-04-18,BMC-News-vol37-no19,6
86851,1934-12-19,BMC-News-vol21-no9,4
92488,1962-10-03,BMC-News-vol49-no2,4
93218,1965-10-15,BMC-News-vol52-no3,4
93281,1963-04-24,BMC-News-vol49-no20,6
86443,1924-10-08,BMC-News-vol11-no2,6
87953,1932-11-16,BMC-News-vol19-no5,6
87705,1926-12-15,BMC-News-vol13-no11,6
90731,1948-09-27,BMC-News-vol35-no1,4
89692,1946-04-24,BMC-News-vol32-no21,4
87552,1936-04-22,BMC-News-vol22-no21,8
88515,1941-12-17,BMC-News-vol28-no12,4
87892,1936-03-18,BMC-News-vol22-no17,6
88199,1930-01-15,BMC-News-vol16-no11,4
35244,1920-01-21,BMC-News-vol6-no13,6
6657,1916-03-02,BMC-News-vol2-no19,4
91021,1947-01-15,BMC-News-vol33-no12,4
90928,1945-02-28,BMC-News-vol31-no17,4
90073,1944-11-22,BMC-News-vol31-no9,4
93115,1962-12-12,BMC-News-vol49-no10,6
91466,1955-03-09,BMC-News-vol41-no17,6
35239,1919-11-19,BMC-News-vol6-no8,6
91766,1959-11-18,BMC-News-vol46-no8,6
92079,1955-02-09,BMC-News-vol41-no13,6
88858,1942-04-15,BMC-News-vol28-no21,8
35249,1920-03-10,BMC-News-vol6-no18,6
89926,1950-01-18,BMC-News-vol36-no12,6
7006,1917-10-24,BMC-News-vol4-no4,6
88074,1931-05-13,BMC-News-vol17-no22,4
7001,1918-05-16,BMC-News-vol4-no26,6
35607,1921-05-04,BMC-News-vol7-no25,6
6665,1916-05-04,BMC-News-vol2-no27,4
88620,1939-03-15,BMC-News-vol25-no16,6
91307,1957-11-06,BMC-News-vol44-no6,6
75338,1922-10-18,BMC-News-vol9-no3,6
88981,1941-10-29,BMC-News-vol28-no5,6
92962,1968-10-18,BMC-News-vol55-no5,4
90602,1954-03-17,BMC-News-vol40-no17,6
52143,1922-04-26,BMC-News-vol8-no21,6
90894,1952-10-15,BMC-News-vol39-no3,6
86220,1923-10-24,BMC-News-vol10-no4,6
90430,1947-10-29,BMC-News-vol34-no5,6
92248,1955-11-09,BMC-News-vol42-no6,6
90868,1950-05-01,BMC-News-vol36-no22,6
89313,1942-03-25,BMC-News-vol28-no20,6
92051,1959-04-15,BMC-News-vol45-no20,6
92269,1954-10-27,BMC-News-vol41-no5,4
93249,1963-10-18,BMC-News-vol50-no4,8
6986,1918-01-10,BMC-News-vol4-no12,6
93139,1966-10-07,BMC-News-vol53-no4,8
52133,1922-01-18,BMC-News-vol8-no12,6
88697,1937-01-15,BMC-News-vol23-no12,4
6998,1918-04-25,BMC-News-vol4-no23,6
90522,1953-11-11,BMC-News-vol40-no7,4
91874,1955-12-07,BMC-News-vol42-no8,6
88470,1943-03-10,BMC-News-vol29-no18,6
88787,1938-04-06,BMC-News-vol24-no20,4
6639,1915-09-19,BMC-News-vol2-no1,4
87806,1928-06-06,BMC-News-vol14-no27,4
89544,1938-01-12,BMC-News-vol24-no12,6
88957,1942-11-25,BMC-News-vol29-no9,4
89289,1942-10-29,BMC-News-vol29-no5,4
91938,1958-11-05,BMC-News-vol45-no6,6
35605,1921-04-20,BMC-News-vol7-no23,6
89912,1950-02-22,BMC-News-vol36-no14,6
90191,1944-11-08,BMC-News-vol31-no7,4
88548,1939-11-15,BMC-News-vol26-no6,4
87102,1928-12-19,BMC-News-vol15-no10,4
92709,1962-11-14,BMC-News-vol49-no8,6
89088,1940-02-28,BMC-News-vol26-no14,6
87823,1935-11-06,BMC-News-vol22-no4,8
6642,1915-10-21,BMC-News-vol2-no4,4
89007,1939-04-26,BMC-News-vol25-no20,6
86408,1923-10-17,BMC-News-vol10-no3,6
92594,1962-10-10,BMC-News-vol49-no3,4
87041,1929-10-09,BMC-News-vol16-no1,6
35603,1921-04-06,BMC-News-vol7-no21,6
87643,1930-03-26,BMC-News-vol16-no18,6
7764,1919-01-09,BMC-News-vol5-no12,6
90933,1950-12-06,BMC-News-vol37-no9,6
91428,1958-02-26,BMC-News-vol44-no14,8
89940,1951-10-17,BMC-News-vol38-no4,6
92241,1956-11-14,BMC-News-vol43-no7,6
90378,1946-11-06,BMC-News-vol33-no6,4
89306,1940-02-14,BMC-News-vol26-no12,6
92817,1964-06-01,BMC-News-vol50-no23,4
92941,1967-02-10,BMC-News-vol53-no12,8
88406,1941-03-12,BMC-News-vol27-no17,6
89445,1940-04-17,BMC-News-vol26-no19,8
88251,1927-12-14,BMC-News-vol14-no9,4
90066,1945-05-02,BMC-News-vol31-no24,6
75221,1922-11-08,BMC-News-vol9-no6,7
86756,1924-12-03,BMC-News-vol11-no9,6
86888,1935-10-09,BMC-News-vol22-no1,6
86945,1929-11-20,BMC-News-vol16-no7,4
6812,1917-04-25,BMC-News-vol3-no24,6
35591,1920-12-08,BMC-News-vol7-no10,6
90411,1944-10-12,BMC-News-vol31-no3,4
90024,1951-11-07,BMC-News-vol38-no7,8
90539,1951-12-12,BMC-News-vol38-no11,6
91031,1948-03-24,BMC-News-vol34-no19,4
89270,1940-05-08,BMC-News-vol26-no22,6
92144,1955-10-12,BMC-News-vol42-no2,6
52141,1921-10-12,BMC-News-vol8-no2,6
7007,1917-10-31,BMC-News-vol4-no5,6
89759,1948-05-12,BMC-News-vol34-no24,4
89402,1940-10-16,BMC-News-vol27-no3,6
91372,1958-10-22,BMC-News-vol45-no4,6
91079,1952-05-07,BMC-News-vol38-no24,6
89663,1953-10-14,BMC-News-vol40-no3,6
52142,1922-04-19,BMC-News-vol8-no20,6
93163,1966-05-06,BMC-News-vol52-no22,16
90005,1953-03-25,BMC-News-vol39-no18,4
90983,1949-10-19,BMC-News-vol36-no3,6
90923,1953-09-27,BMC-News-vol40-no1,4
88582,1938-03-02,BMC-News-vol24-no16,6
89771,1945-05-09,BMC-News-vol31-no25,4
6649,1915-12-09,BMC-News-vol2-no11,4
87478,1927-02-23,BMC-News-vol13-no16,4
35592,1920-12-15,BMC-News-vol7-no11,6
88420,1943-10-21,BMC-News-vol30-no4,6
92647,1964-03-20,BMC-News-vol50-no17,6
90101,1950-10-25,BMC-News-vol37-no4,6
89685,1950-11-15,BMC-News-vol37-no7,6
89237,1941-10-22,BMC-News-vol28-no4,6
92556,1962-11-07,BMC-News-vol49-no7,4
52135,1922-02-22,BMC-News-vol8-no14,6
90490,1946-11-13,BMC-News-vol33-no7,4
89204,1940-10-30,BMC-News-vol27-no5,6
87752,1931-05-06,BMC-News-vol17-no21,8
89530,1936-12-02,BMC-News-vol23-no8,6
6648,1915-12-02,BMC-News-vol2-no10,4
35611,1920-10-13,BMC-News-vol7-no3,6
89038,1941-12-10,BMC-News-vol28-no11,6
88140,1936-03-11,BMC-News-vol22-no16,6
88368,1943-06-08,BMC-News-vol29-no26,4
90478,1951-11-28,BMC-News-vol38-no9,6
92319,1962-02-21,BMC-News-vol48-no13,6
89225,1939-11-08,BMC-News-vol26-no5,6
6661,1916-03-30,BMC-News-vol2-no23,4
92383,1965-03-19,BMC-News-vol51-no17,4
91487,1962-05-02,BMC-News-vol48-no20,4
86457,1924-02-13,BMC-News-vol10-no14,6
88844,1942-06-02,BMC-News-vol28-no26,6
86401,1926-02-17,BMC-News-vol12-no14,6
89971,1946-05-22,BMC-News-vol32-no25,4
90500,1947-03-19,BMC-News-vol33-no19,4
88575,1941-02-12,BMC-News-vol27-no13,6
87086,1931-10-21,BMC-News-vol18-no3,6
7000,1918-05-09,BMC-News-vol4-no25,6
89057,1940-06-05,BMC-News-vol26-no24,8
91715,1960-02-24,BMC-News-vol46-no14,8
88773,1939-10-25,BMC-News-vol26-no3,6
91553,1955-03-23,BMC-News-vol41-no19,4
89587,1938-01-05,BMC-News-vol24-no11,4
89114,1941-02-19,BMC-News-vol27-no14,6
91506,1958-04-23,BMC-News-vol44-no20,6
88133,1935-10-23,BMC-News-vol22-no2,6
88225,1927-02-09,BMC-News-vol13-no14,6
86980,1930-03-05,BMC-News-vol16-no15,6
92841,1966-09-23,BMC-News-vol53-no2,8
6645,1915-11-11,BMC-News-vol2-no7,4
88031,1936-06-08,BMC-News-vol22-no25,6
90585,1949-04-13,BMC-News-vol35-no20,6
7761,1918-11-27,BMC-News-vol5-no9,6
90665,1947-04-23,BMC-News-vol33-no22,4
6813,1917-05-02,BMC-News-vol3-no25,6
88351,1944-01-19,BMC-News-vol30-no13,4
89464,1942-09-28,BMC-News-vol29-no1,4
92822,1968-02-09,BMC-News-vol54-no12,8
91773,1961-04-12,BMC-News-vol47-no18,6
90614,1946-03-06,BMC-News-vol32-no16,4
88079,1931-03-04,BMC-News-vol17-no14,4
86825,1927-11-22,BMC-News-vol14-no7,6
87337,1928-02-15,BMC-News-vol14-no13,6
87761,1929-11-06,BMC-News-vol16-no5,4
91195,1961-01-18,BMC-News-vol47-no11,6
92585,1966-04-29,BMC-News-vol52-no21,8
6520,1915-05-06,BMC-News-vol1-no26,2
6640,1915-10-07,BMC-News-vol2-no2,4
6999,1918-05-02,BMC-News-vol4-no24,6
91362,1960-11-09,BMC-News-vol47-no6,4
93134,1965-11-12,BMC-News-vol52-no7,4
91009,1944-12-06,BMC-News-vol31-no11,4
92967,1967-10-27,BMC-News-vol54-no6,8
87160,1927-05-04,BMC-News-vol13-no24,6
90684,1949-04-27,BMC-News-vol35-no22,6
90225,1945-10-01,BMC-News-vol32-no1,4
88330,1932-05-31,BMC-News-vol18-no22,8
86672,1923-10-10,BMC-News-vol10-no2,6
92229,1960-12-07,BMC-News-vol47-no8,6
90273,1953-10-21,BMC-News-vol40-no4,6
91292,1959-03-18,BMC-News-vol45-no17,6
87740,1927-01-19,BMC-News-vol13-no13,4
91787,1957-12-11,BMC-News-vol44-no9,6
6522,1915-05-20,BMC-News-vol1-no28,4
6517,1915-04-15,BMC-News-vol1-no23,4
91421,1956-11-07,BMC-News-vol43-no6,6
88976,1939-12-06,BMC-News-vol26-no8,4
89642,1948-02-11,BMC-News-vol34-no13,4
92455,1963-04-17,BMC-News-vol49-no19,6
89697,1953-03-18,BMC-News-vol39-no17,6
6662,1916-04-06,BMC-News-vol2-no24,4
87423,1929-06-03,BMC-News-vol15-no24,6
7755,1918-10-17,BMC-News-vol5-no3,6
89416,1938-10-26,BMC-News-vol25-no3,6
6817,1917-05-30,BMC-News-vol3-no29,6
90631,1950-04-12,BMC-News-vol36-no19,6
35252,1920-03-30,BMC-News-vol6-no21,6
35598,1921-03-02,BMC-News-vol7-no17,6
86486,1925-02-25,BMC-News-vol11-no16,6
86415,1925-01-21,BMC-News-vol11-no13,6
90592,1947-02-26,BMC-News-vol33-no16,4
88385,1940-03-06,BMC-News-vol26-no15,6
87575,1926-11-03,BMC-News-vol13-no6,4
92091,1956-03-14,BMC-News-vol42-no16,7
89814,1948-03-17,BMC-News-vol34-no18,4
90462,1952-03-19,BMC-News-vol38-no19,8
91572,1957-02-27,BMC-News-vol43-no14,8
86788,1935-11-20,BMC-News-vol22-no6,6
88735,1937-12-08,BMC-News-vol24-no9,6
91724,1955-04-20,BMC-News-vol41-no21,6
52130,1921-10-06,BMC-News-vol8-no1,6
87276,1935-12-04,BMC-News-vol22-no7,8
89623,1940-09-30,BMC-News-vol27-no1,4
52147,1922-06-07,BMC-News-vol8-no25,8
86592,1924-04-23,BMC-News-vol10-no23,6
91348,1961-04-19,BMC-News-vol47-no19,6
92836,1965-05-31,BMC-News-vol51-no23,4
86907,1934-12-05,BMC-News-vol21-no7,6
87416,1933-01-18,BMC-News-vol19-no10,6
87974,1927-10-12,BMC-News-vol14-no1,4
91731,1957-09-29,BMC-News-vol44-no1,6
88091,1931-03-18,BMC-News-vol17-no16,4
87409,1931-03-25,BMC-News-vol17-no17,6
90404,1953-02-18,BMC-News-vol39-no13,6
91275,1961-04-26,BMC-News-vol47-no20,6
87316,1936-02-19,BMC-News-vol22-no13,8
90515,1954-03-24,BMC-News-vol40-no18,6
92352,1959-02-18,BMC-News-vol45-no13,6
90452,1946-05-08,BMC-News-vol32-no23,4
86679,1923-11-21,BMC-News-vol10-no8,6
89867,1953-11-04,BMC-News-vol40-no6,6
88453,1939-11-01,BMC-News-vol26-no4,4
52154,1921-12-07,BMC-News-vol8-no9,6
6652,1916-01-13,BMC-News-vol2-no14,4
7769,1919-02-19,BMC-News-vol5-no17,6
89628,1951-10-10,BMC-News-vol38-no3,6
89933,1952-12-10,BMC-News-vol39-no10,6
87234,1933-11-22,BMC-News-vol20-no7,6
90670,1948-11-10,BMC-News-vol35-no7,6
90832,1946-01-23,BMC-News-vol32-no12,4
90815,1952-02-13,BMC-News-vol38-no14,6
90954,1948-10-27,BMC-News-vol35-no5,4
7771,1919-03-05,BMC-News-vol5-no19,6
90844,1944-10-25,BMC-News-vol31-no5,4
87325,1928-10-24,BMC-News-vol15-no3,6
90712,1950-04-19,BMC-News-vol36-no20,6
89294,1938-02-09,BMC-News-vol24-no13,6
86366,1925-03-24,BMC-News-vol11-no20,6
86931,1934-03-14,BMC-News-vol20-no17,6
91386,1959-03-25,BMC-News-vol45-no18,8
87780,1931-12-16,BMC-News-vol18-no9,6
92312,1962-04-25,BMC-News-vol48-no19,6
35600,1921-03-16,BMC-News-vol7-no19,6
87516,1928-01-25,BMC-News-vol14-no12,2
89156,1941-11-05,BMC-News-vol28-no6,4
91886,1957-02-20,BMC-News-vol43-no13,6
89905,1954-02-10,BMC-News-vol40-no12,6
92580,1966-05-30,BMC-News-vol52-no23,4
92359,1961-11-08,BMC-News-vol48-no7,4
88441,1940-12-11,BMC-News-vol27-no10,6
86394,1924-05-21,BMC-News-vol10-no27,6
6516,1915-03-25,BMC-News-vol1-no22,4
90040,1947-04-09,BMC-News-vol33-no20,4
89599,1938-03-09,BMC-News-vol24-no17,4
87205,1933-11-01,BMC-News-vol20-no4,6
88510,1944-02-09,BMC-News-vol30-no14,4
87217,1933-01-25,BMC-News-vol19-no11,4
89795,1944-11-29,BMC-News-vol31-no10,4
86537,1923-12-19,BMC-News-vol10-no12,6
91141,1950-10-11,BMC-News-vol37-no2,6
90626,1951-09-24,BMC-News-vol38-no1,4
87875,1929-05-01,BMC-News-vol15-no21,4
86709,1926-03-24,BMC-News-vol12-no19,6
92013,1960-01-13,BMC-News-vol46-no11,6
90827,1949-03-16,BMC-News-vol35-no18,4
90143,1947-12-17,BMC-News-vol34-no11,4
88498,1940-10-23,BMC-News-vol27-no4,6
6521,1915-05-13,BMC-News-vol1-no27,4
87062,1929-10-23,BMC-News-vol16-no3,4
89947,1953-12-09,BMC-News-vol40-no9,6
75345,1923-03-14,BMC-News-vol9-no18,6
90437,1952-03-26,BMC-News-vol38-no20,4
93044,1966-02-11,BMC-News-vol52-no12,8
87112,1932-12-14,BMC-News-vol19-no8,4
89459,1943-11-10,BMC-News-vol30-no7,4
87132,1932-02-24,BMC-News-vol18-no13,6
88110,1930-11-05,BMC-News-vol17-no5,6
92609,1968-09-13,BMC-News-vol55-no1,4
86773,1926-10-13,BMC-News-vol13-no3,4
89680,1951-04-11,BMC-News-vol37-no18,4
87698,1931-04-22,BMC-News-vol17-no19,6
92661,1965-02-19,BMC-News-vol51-no13,4
88816,1944-03-01,BMC-News-vol30-no17,4
92976,1966-10-28,BMC-News-vol53-no7,4
88062,1931-01-14,BMC-News-vol17-no10,4
88413,1937-04-14,BMC-News-vol23-no21,6
92672,1967-05-01,BMC-News-vol53-no20,8
89981,1950-03-22,BMC-News-vol36-no18,6
87766,1928-03-21,BMC-News-vol14-no18,6
91926,1956-04-25,BMC-News-vol42-no20,4
35236,1919-10-28,BMC-News-vol6-no5,4
90323,1951-02-21,BMC-News-vol37-no13,8
90619,1951-10-03,BMC-News-vol38-no2,6
89014,1943-05-12,BMC-News-vol29-no24,6
6658,1916-03-09,BMC-News-vol2-no20,4
92921,1967-11-03,BMC-News-vol54-no7,4
92886,1963-09-20,BMC-News-vol50-no1,4
91480,1955-04-27,BMC-News-vol41-no22,6
75352,1923-02-14,BMC-News-vol9-no14,6
86257,1925-02-11,BMC-News-vol11-no14,8
91367,1957-01-16,BMC-News-vol43-no11,4
6805,1917-02-28,BMC-News-vol3-no17,6
87920,1929-03-20,BMC-News-vol15-no17,4
87967,1931-11-11,BMC-News-vol18-no6,6
92436,1966-01-14,BMC-News-vol52-no11,4
75268,1923-05-09,BMC-News-vol9-no24,6
91907,1961-02-15,BMC-News-vol47-no12,6
93228,1964-09-18,BMC-News-vol51-no1,4
88491,1939-06-07,BMC-News-vol25-no24,6
88837,1939-05-10,BMC-News-vol25-no22,6
86422,1925-04-29,BMC-News-vol11-no24,6
75402,1923-05-16,BMC-News-vol9-no25,6
92891,1965-11-19,BMC-News-vol52-no8,8
89783,1946-10-09,BMC-News-vol33-no2,4
88399,1941-03-26,BMC-News-vol27-no19,6
86971,1926-12-08,BMC-News-vol13-no10,8
87930,1930-04-16,BMC-News-vol16-no19,8
88936,1938-05-04,BMC-News-vol24-no24,6
89747,1947-10-15,BMC-News-vol34-no3,4
87913,1928-10-31,BMC-News-vol15-no4,6
92006,1960-05-02,BMC-News-vol46-no21,6
88969,1936-10-14,BMC-News-vol23-no2,6
6501,1914-11-12,BMC-News-vol1-no7,4
89893,1945-10-10,BMC-News-vol32-no2,6
91520,1958-06-03,BMC-News-vol44-no24,4
75229,1923-03-27,BMC-News-vol9-no20,8
91588,1957-04-24,BMC-News-vol43-no20,4
90115,1951-10-31,BMC-News-vol38-no6,6
35599,1921-03-09,BMC-News-vol7-no18,6
92175,1958-09-29,BMC-News-vol45-no1,6
90753,1948-10-20,BMC-News-vol35-no4,4
91593,1958-05-01,BMC-News-vol44-no21,6
35250,1920-03-17,BMC-News-vol6-no19,6
92798,1964-03-06,BMC-News-vol50-no15,4
89831,1945-02-07,BMC-News-vol31-no14,4
91992,1959-03-04,BMC-News-vol45-no15,6
87139,1932-05-11,BMC-News-vol18-no21,6
86783,1926-10-27,BMC-News-vol13-no5,4
86778,1926-10-20,BMC-News-vol13-no4,4
87939,1934-10-24,BMC-News-vol21-no2,8
87304,1928-03-14,BMC-News-vol14-no17,4
90201,1949-10-01,BMC-News-vol36-no1,4
89263,1937-11-03,BMC-News-vol24-no5,6
90017,1949-03-02,BMC-News-vol35-no16,6
87509,1933-12-13,BMC-News-vol20-no9,6
6503,1914-12-03,BMC-News-vol1-no9,4
87430,1933-03-29,BMC-News-vol19-no17,4
35253,1920-04-14,BMC-News-vol6-no22,6
87053,1934-03-07,BMC-News-vol20-no16,8
6818,1917-06-06,BMC-News-vol3-no30,6
89966,1945-01-17,BMC-News-vol31-no13,4
75317,1922-11-01,BMC-News-vol9-no5,6
88380,1942-12-02,BMC-News-vol29-no10,4
91341,1960-04-20,BMC-News-vol46-no20,6
93240,1964-10-01,BMC-News-vol51-no2,8
91202,1955-11-16,BMC-News-vol42-no7,6
7779,1919-05-07,BMC-News-vol5-no27,6
88178,1930-12-10,BMC-News-vol17-no8,6
88285,1927-03-16,BMC-News-vol13-no19,4
90085,1949-11-02,BMC-News-vol36-no5,6
87587,1927-02-16,BMC-News-vol13-no15,6
91900,1957-05-15,BMC-News-vol43-no23,6
6816,1917-05-23,BMC-News-vol3-no28,6
35251,1920-03-24,BMC-News-vol6-no20,6
6796,1916-11-22,BMC-News-vol3-no8,4
91093,1954-03-10,BMC-News-vol40-no16,6
90471,1954-04-14,BMC-News-vol40-no19,6
91437,1955-11-02,BMC-News-vol42-no5,4
90698,1953-06-02,BMC-News-vol39-no24,4
87146,1934-05-16,BMC-News-vol20-no24,8
89807,1949-05-07,BMC-News-vol35-no23,6
86832,1932-03-16,BMC-News-vol18-no15,4
89476,1941-01-15,BMC-News-vol27-no12,6
90000,1945-03-07,BMC-News-vol31-no18,4
86287,1924-11-05,BMC-News-vol11-no6,6
92628,1963-01-16,BMC-News-vol49-no11,6
75289,1923-04-24,BMC-News-vol9-no22,6
35617,1920-11-23,BMC-News-vol7-no9,6
91607,1959-04-22,BMC-News-vol45-no21,6
88005,1933-04-19,BMC-News-vol19-no18,6
87404,1930-03-19,BMC-News-vol16-no17,4
52139,1922-03-22,BMC-News-vol8-no18,6
35602,1921-03-23,BMC-News-vol7-no20,6
6799,1916-12-20,BMC-News-vol3-no11,6
90911,1949-03-23,BMC-News-vol35-no19,6
89423,1936-10-07,BMC-News-vol23-no1,6
89788,1949-02-09,BMC-News-vol35-no13,6
92666,1966-09-16,BMC-News-vol53-no1,5
89348,1944-05-10,BMC-News-vol30-no25,4
88316,1933-06-13,BMC-News-vol19-no23,6
88344,1938-04-13,BMC-News-vol24-no21,6
89556,1939-12-20,BMC-News-vol26-no10,6
87502,1927-01-12,BMC-News-vol13-no12,6
90794,1950-05-10,BMC-News-vol36-no23,6
88797,1939-10-11,BMC-News-vol26-no1,6
75310,1922-12-20,BMC-News-vol9-no11,6
88458,1936-10-21,BMC-News-vol23-no3,6
87691,1932-02-10,BMC-News-vol18-no11,6
6994,1917-10-10,BMC-News-vol4-no2,6
6655,1916-02-17,BMC-News-vol2-no17,4
88477,1942-11-11,BMC-News-vol29-no7,4
88613,1936-12-09,BMC-News-vol23-no9,6
90597,1948-04-14,BMC-News-vol34-no20,4
91565,1955-12-14,BMC-News-vol42-no9,6
91834,1958-11-19,BMC-News-vol45-no8,6
89435,1937-12-01,BMC-News-vol24-no8,4
92125,1960-11-16,BMC-News-vol47-no7,6
92187,1957-03-06,BMC-News-vol43-no15,6
7754,1918-10-10,BMC-News-vol5-no2,6
87379,1934-04-25,BMC-News-vol20-no21,8
88275,1929-03-27,BMC-News-vol15-no18,4
90213,1954-03-03,BMC-News-vol40-no15,6
7772,1919-03-12,BMC-News-vol5-no20,6
91314,1956-10-24,BMC-News-vol43-no4,6
7005,1917-10-17,BMC-News-vol4-no3,6
90174,1947-10-08,BMC-News-vol34-no2,4
87580,1929-05-08,BMC-News-vol15-no22,6
86429,1925-12-02,BMC-News-vol12-no9,6
6513,1915-03-04,BMC-News-vol1-no19,4
92855,1964-12-11,BMC-News-vol51-no10,8
90495,1947-06-03,BMC-News-vol33-no26,4
88568,1940-11-13,BMC-News-vol27-no7,6
87594,1928-05-16,BMC-News-vol14-no25,6
88792,1943-09-25,BMC-News-vol30-no1,4
75331,1923-05-02,BMC-News-vol9-no23,6
86578,1926-02-10,BMC-News-vol12-no13,6
6997,1918-04-18,BMC-News-vol4-no22,6
89563,1937-01-06,BMC-News-vol23-no11,4
35597,1921-02-23,BMC-News-vol7-no16,6
92215,1957-10-30,BMC-News-vol44-no5,6
88639,1942-10-14,BMC-News-vol29-no3,4
89819,1953-05-06,BMC-News-vol39-no22,6
87979,1927-03-23,BMC-News-vol13-no20,6
6650,1915-12-14,BMC-News-vol2-no12,4
90719,1947-11-19,BMC-News-vol34-no8,4
91124,1953-11-18,BMC-News-vol40-no8,6
92793,1965-12-03,BMC-News-vol52-no9,4
89161,1940-10-09,BMC-News-vol27-no2,6
35233,1919-10-07,BMC-News-vol6-no2,4
88117,1934-02-28,BMC-News-vol20-no15,8
89000,1939-11-29,BMC-News-vol26-no7,6
91072,1949-11-16,BMC-News-vol36-no7,6
91086,1951-12-05,BMC-News-vol38-no10,6
88553,1940-02-21,BMC-News-vol26-no13,6
92281,1959-12-03,BMC-News-vol46-no9,4
91825,1959-05-01,BMC-News-vol45-no22,8
92535,1963-10-04,BMC-News-vol50-no2,8
86359,1925-10-21,BMC-News-vol12-no4,6
93028,1966-12-02,BMC-News-vol53-no11,8
92462,1965-04-09,BMC-News-vol51-no18,8
35232,1919-09-30,BMC-News-vol6-no1,4
93080,1964-04-17,BMC-News-vol50-no19,4
90206,1947-03-12,BMC-News-vol33-no18,6
88712,1936-12-16,BMC-News-vol23-no10,6
90918,1953-12-16,BMC-News-vol40-no10,4
93122,1966-04-08,BMC-News-vol52-no18,6
90052,1952-12-17,BMC-News-vol39-no11,6
87818,1929-01-16,BMC-News-vol15-no11,4
87906,1927-03-02,BMC-News-vol13-no17,6
90186,1947-02-12,BMC-News-vol33-no14,4
88661,1943-01-15,BMC-News-vol29-no12,6
90741,1948-06-01,BMC-News-vol34-no25,4
92981,1967-10-06,BMC-News-vol54-no4,8
92255,1957-04-17,BMC-News-vol43-no19,6
89026,1944-03-08,BMC-News-vol30-no18,4
89372,1943-11-17,BMC-News-vol30-no8,6
91355,1960-11-02,BMC-News-vol47-no5,6
6987,1918-01-17,BMC-News-vol4-no13,6
91060,1951-11-14,BMC-News-vol38-no8,6
93085,1965-05-07,BMC-News-vol51-no4,4
91442,1956-10-31,BMC-News-vol43-no5,6
87880,1930-03-12,BMC-News-vol16-no16,6
6804,1917-02-21,BMC-News-vol3-no16,6
87495,1927-04-27,BMC-News-vol13-no23,6
87344,1934-10-10,BMC-News-vol21-no1,8
7753,1918-10-02,BMC-News-vol5-no1,6
86294,1924-12-17,BMC-News-vol11-no11,6
91167,1954-10-06,BMC-News-vol41-no2,6
89332,1937-06-02,BMC-News-vol23-no26,8
92376,1966-03-18,BMC-News-vol52-no17,6
90822,1946-02-27,BMC-News-vol32-no15,4
93199,1964-05-08,BMC-News-vol50-no22,4
6495,1914-09-30,BMC-News-vol1-no1,4
89107,1938-11-10,BMC-News-vol25-no6,6
35613,1920-10-27,BMC-News-vol7-no5,6
88012,1930-10-29,BMC-News-vol17-no4,4
35258,1920-05-19,BMC-News-vol6-no28,6
88627,1940-01-17,BMC-News-vol26-no11,6
90442,1947-05-14,BMC-News-vol33-no25,4
87483,1936-02-12,BMC-News-vol22-no11,6
87067,1929-02-27,BMC-News-vol15-no14,6
88656,1940-11-20,BMC-News-vol27-no8,4
90837,1951-01-17,BMC-News-vol37-no11,6
92402,1966-11-11,BMC-News-vol53-no9,8
91675,1961-05-10,BMC-News-vol47-no22,6
92450,1968-10-11,BMC-News-vol55-no4,4
92599,1965-12-10,BMC-News-vol52-no10,4
6502,1914-11-19,BMC-News-vol1-no8,4
89502,1937-02-17,BMC-News-vol23-no14,6
6808,1917-03-21,BMC-News-vol3-no20,6
92914,1964-10-15,BMC-News-vol51-no22,6
91860,1958-10-29,BMC-News-vol45-no5,6
90423,1954-04-28,BMC-News-vol40-no21,6
93053,1967-03-17,BMC-News-vol53-no17,8
92758,1965-11-05,BMC-News-vol52-no6,6
92950,1965-10-29,BMC-News-vol52-no5,6
86564,1925-11-04,BMC-News-vol12-no6,6
91454,1962-04-11,BMC-News-vol48-no17,6
75238,1923-03-07,BMC-News-vol9-no17,6
86280,1924-04-30,BMC-News-vol10-no24,6
87608,1933-03-01,BMC-News-vol19-no13,6
91188,1959-02-11,BMC-News-vol45-no12,6
88668,1943-10-28,BMC-News-vol30-no5,4
88915,1943-12-08,BMC-News-vol30-no11,6
88232,1929-01-23,BMC-News-vol15-no15,4
89071,1941-11-19,BMC-News-vol28-no8,4
87388,1934-11-14,BMC-News-vol21-no5,8
89488,1936-10-28,BMC-News-vol23-no4,6
6644,1915-11-04,BMC-News-vol2-no6,4
86266,1924-04-16,BMC-News-vol10-no22,6
90160,1950-11-08,BMC-News-vol37-no6,8
35242,1919-12-17,BMC-News-vol6-no11,6
92425,1963-10-11,BMC-News-vol50-no3,5
87773,1933-04-26,BMC-News-vol19-no19,6
89301,1943-03-17,BMC-News-vol29-no19,4
91181,1955-02-23,BMC-News-vol41-no15,6
35612,1920-10-20,BMC-News-vol7-no4,6
92132,1956-01-18,BMC-News-vol42-no11,6
91745,1957-10-09,BMC-News-vol44-no2,6
89551,1939-03-01,BMC-News-vol25-no14,4
87029,1933-10-25,BMC-News-vol20-no3,4
92695,1964-10-29,BMC-News-vol51-no6,6
87008,1928-03-07,BMC-News-vol14-no16,6
89635,1950-06-06,BMC-News-vol36-no25,6
89185,1943-11-03,BMC-News-vol30-no6,4
7774,1919-03-26,BMC-News-vol5-no22,6
87519,1931-04-15,BMC-News-vol17-no18,6
86721,1925-05-06,BMC-News-vol11-no25,6
91978,1955-03-16,BMC-News-vol41-no18,6
92340,1958-03-05,BMC-News-vol44-no15,4
90344,1945-04-25,BMC-News-vol31-no23,4
87615,1931-03-11,BMC-News-vol17-no15,6
88707,1942-04-22,BMC-News-vol28-no22,4
89604,1939-02-15,BMC-News-vol25-no12,4
87309,1935-10-30,BMC-News-vol22-no3,6
87960,1926-11-17,BMC-News-vol13-no8,6
75359,1922-10-11,BMC-News-vol9-no2,6
35590,1920-09-28,BMC-News-vol7-no1,6
92521,1963-11-01,BMC-News-vol50-no6,8
75388,1923-03-21,BMC-News-vol9-no19,6
87622,1933-05-10,BMC-News-vol19-no21,6
86651,1926-04-28,BMC-News-vol12-no23,6
87459,1935-06-05,BMC-News-vol21-no25,6
88482,1941-05-01,BMC-News-vol27-no22,8
88280,1932-11-09,BMC-News-vol19-no4,4
93000,1964-11-06,BMC-News-vol51-no7,4
52134,1922-02-15,BMC-News-vol8-no13,6
89102,1944-02-23,BMC-News-vol30-no16,4
91110,1951-06-05,BMC-News-vol37-no24,6
35246,1920-02-11,BMC-News-vol6-no15,6
88905,1940-11-05,BMC-News-vol27-no6,4
86702,1923-12-12,BMC-News-vol10-no11,6
90316,1951-05-09,BMC-News-vol37-no22,6
87853,1932-04-20,BMC-News-vol18-no18,4
91237,1954-11-17,BMC-News-vol41-no8,6
35243,1920-01-15,BMC-News-vol6-no12,6
92364,1957-05-08,BMC-News-vol43-no22,4
91708,1955-10-26,BMC-News-vol42-no4,6
87601,1927-03-09,BMC-News-vol13-no18,6
86585,1926-06-02,BMC-News-vol12-no27,6
87447,1931-02-11,BMC-News-vol17-no11,4
91209,1956-03-07,BMC-News-vol42-no15,6
91999,1957-02-13,BMC-News-vol43-no12,6
75252,1923-06-05,BMC-News-vol9-no26,8
87212,1931-02-18,BMC-News-vol17-no12,4
91537,1956-02-29,BMC-News-vol42-no14,8
91162,1957-03-13,BMC-News-vol43-no16,4
90354,1946-10-30,BMC-News-vol33-no5,6
93308,1963-03-06,BMC-News-vol49-no15,4
90691,1946-05-01,BMC-News-vol32-no22,6
89711,1949-05-11,BMC-News-vol35-no24,6
90648,1945-03-14,BMC-News-vol31-no19,4
90887,1951-02-14,BMC-News-vol37-no12,6
88067,1935-11-13,BMC-News-vol22-no5,6
88560,1938-04-27,BMC-News-vol24-no23,7
88685,1942-01-14,BMC-News-vol28-no13,6
90304,1952-10-22,BMC-News-vol39-no4,4
92623,1966-09-30,BMC-News-vol53-no3,4
87248,1930-12-17,BMC-News-vol17-no9,4
92831,1966-04-15,BMC-News-vol52-no19,4
35594,1921-01-19,BMC-News-vol7-no13,6
86856,1932-10-26,BMC-News-vol19-no2,6
89826,1947-12-10,BMC-News-vol34-no10,4
88804,1939-04-19,BMC-News-vol25-no19,6
75374,1922-11-28,BMC-News-vol9-no9,6
88373,1942-05-13,BMC-News-vol28-no25,6
6519,1915-04-29,BMC-News-vol1-no25,4
6643,1915-10-28,BMC-News-vol2-no5,4
6641,1915-10-14,BMC-News-vol2-no3,4
6523,1915-06-03,BMC-News-vol1-no29,4
86895,1935-05-01,BMC-News-vol21-no22,6
87787,1933-02-22,BMC-News-vol19-no12,4
92072,1956-12-05,BMC-News-vol43-no8,6
92772,1966-11-04,BMC-News-vol53-no8,8
91499,1956-02-15,BMC-News-vol42-no12,6
89853,1951-10-24,BMC-News-vol38-no5,6
88448,1944-01-12,BMC-News-vol30-no12,4
90782,1947-09-29,BMC-News-vol34-no1,4
91738,1961-12-13,BMC-News-vol48-no10,6
52146,1922-05-17,BMC-News-vol8-no24,6
90010,1948-05-04,BMC-News-vol34-no23,6
88867,1941-04-16,BMC-News-vol27-no20,6
86315,1924-11-19,BMC-News-vol11-no8,6
90947,1952-11-19,BMC-News-vol39-no8,6
6983,1917-10-03,BMC-News-vol4-no1,6
89180,1944-04-19,BMC-News-vol30-no22,4
86301,1924-12-10,BMC-News-vol11-no10,6
91270,1957-01-09,BMC-News-vol43-no10,4
89988,1945-10-17,BMC-News-vol32-no3,4
88747,1944-05-03,BMC-News-vol30-no24,6
6798,1916-12-13,BMC-News-vol3-no10,6
90122,1954-05-03,BMC-News-vol40-no22,6
91855,1955-05-11,BMC-News-vol41-no24,4
7760,1918-11-21,BMC-News-vol5-no8,6
87093,1933-12-06,BMC-News-vol20-no8,8
89537,1937-03-10,BMC-News-vol23-no17,6
90059,1953-01-14,BMC-News-vol39-no12,6
86509,1924-05-15,BMC-News-vol10-no26,6
90534,1944-11-01,BMC-News-vol31-no6,4
7008,1917-11-07,BMC-News-vol4-no6,6
52153,1921-11-22,BMC-News-vol8-no8,6
90332,1953-03-04,BMC-News-vol39-no15,6
89095,1942-03-18,BMC-News-vol28-no19,6
88988,1942-02-18,BMC-News-vol28-no15,4
87792,1936-04-15,BMC-News-vol22-no20,6
75296,1922-10-25,BMC-News-vol9-no4,6
91492,1957-03-20,BMC-News-vol43-no17,6
86644,1926-03-03,BMC-News-vol12-no16,6
90505,1945-12-05,BMC-News-vol32-no9,4
92393,1967-09-22,BMC-News-vol54-no2,8
90196,1953-02-25,BMC-News-vol39-no14,4
92635,1963-05-01,BMC-News-vol49-no21,4
89776,1951-05-01,BMC-News-vol37-no21,6
89483,1942-10-21,BMC-News-vol29-no4,4
92716,1962-10-24,BMC-News-vol49-no5,4
91638,1954-10-20,BMC-News-vol41-no4,10
6497,1914-10-15,BMC-News-vol1-no3,4
92640,1963-02-27,BMC-News-vol49-no14,6
89440,1938-02-23,BMC-News-vol24-no15,4
6507,1915-01-14,BMC-News-vol1-no13,4
91473,1958-12-17,BMC-News-vol45-no10,6
88045,1927-05-11,BMC-News-vol13-no25,4
88993,1936-11-04,BMC-News-vol23-no5,6
89284,1944-03-15,BMC-News-vol30-no19,4
92411,1962-09-21,BMC-News-vol49-no1,6
75275,1923-01-17,BMC-News-vol9-no12,6
88673,1937-10-13,BMC-News-vol24-no2,4
7777,1919-04-15,BMC-News-vol5-no25,6
90959,1953-04-15,BMC-News-vol39-no19,6
91100,1947-05-07,BMC-News-vol33-no24,4
88103,1927-12-07,BMC-News-vol14-no8,6
87899,1936-01-15,BMC-News-vol22-no10,6
86637,1925-04-22,BMC-News-vol11-no23,6
88363,1938-02-16,BMC-News-vol24-no14,4
87545,1935-03-13,BMC-News-vol21-no16,6
92786,1966-10-21,BMC-News-vol53-no6,6
92116,1959-02-28,BMC-News-vol45-no14,8
93153,1963-02-20,BMC-News-vol49-no13,4
90169,1945-11-28,BMC-News-vol32-no8,4
91026,1945-05-16,BMC-News-vol31-no26,4
91600,1960-02-17,BMC-News-vol46-no13,6
88527,1938-03-23,BMC-News-vol24-no19,6
88719,1938-03-16,BMC-News-vol24-no18,6
88910,1937-10-27,BMC-News-vol24-no4,4
86387,1925-10-28,BMC-News-vol12-no5,6
6806,1917-03-07,BMC-News-vol3-no18,6
91799,1957-11-20,BMC-News-vol44-no8,4
86345,1925-12-09,BMC-News-vol12-no10,6
86234,1925-03-04,BMC-News-vol11-no17,6
6511,1915-02-18,BMC-News-vol1-no17,4
87627,1935-05-08,BMC-News-vol21-no23,8
87865,1930-02-19,BMC-News-vol16-no13,4
90578,1946-03-20,BMC-News-vol32-no18,6
92222,1959-09-26,BMC-News-vol46-no1,6
91036,1953-04-22,BMC-News-vol39-no20,6
91621,1961-03-08,BMC-News-vol47-no15,4
91174,1958-02-12,BMC-News-vol44-no12,6
88237,1932-04-27,BMC-News-vol18-no19,6
6985,1917-12-19,BMC-News-vol4-no11,6
7762,1918-12-12,BMC-News-vol5-no10,6
90808,1952-01-16,BMC-News-vol38-no13,6
90561,1949-12-14,BMC-News-vol36-no10,6
89121,1941-10-08,BMC-News-vol28-no2,6
90485,1944-09-25,BMC-News-vol31-no1,4
88159,1935-04-17,BMC-News-vol21-no20,6
88154,1933-10-18,BMC-News-vol20-no2,4
91136,1948-12-01,BMC-News-vol35-no9,4
90148,1946-02-20,BMC-News-vol32-no14,4
89752,1952-04-16,BMC-News-vol38-no21,6
86329,1924-11-12,BMC-News-vol11-no7,6
91649,1955-03-02,BMC-News-vol41-no16,4
87022,1933-05-03,BMC-News-vol19-no20,6
87081,1928-05-23,BMC-News-vol14-no26,4
89881,1950-03-15,BMC-News-vol36-no17,6
89523,1941-10-15,BMC-News-vol28-no3,6
92345,1959-10-21,BMC-News-vol46-no4,6
86609,1925-03-11,BMC-News-vol11-no18,6
6810,1917-04-04,BMC-News-vol3-no22,6
6651,1916-01-06,BMC-News-vol2-no13,4
6668,1916-06-01,BMC-News-vol2-no30,4
92850,1964-10-22,BMC-News-vol51-no5,4
92995,1965-09-24,BMC-News-vol52-no1,4
92039,1959-11-11,BMC-News-vol46-no7,4
92479,1966-10-14,BMC-News-vol53-no5,8
91414,1962-03-07,BMC-News-vol48-no15,6
89993,1953-10-28,BMC-News-vol40-no5,6
90397,1952-02-20,BMC-News-vol38-no15,6
88520,1941-03-19,BMC-News-vol27-no18,6
86902,1928-03-28,BMC-News-vol14-no19,4
6666,1916-05-11,BMC-News-vol2-no28,4
86373,1926-02-24,BMC-News-vol12-no15,6
87117,1929-10-16,BMC-News-vol16-no2,4
7756,1918-10-24,BMC-News-vol5-no4,6
89670,1945-03-21,BMC-News-vol31-no20,4
88050,1926-11-28,BMC-News-vol13-no9,6
87440,1928-11-21,BMC-News-vol15-no7,6
88943,1937-05-05,BMC-News-vol23-no24,6
75261,1922-11-15,BMC-News-vol9-no7,6
91759,1954-11-03,BMC-News-vol41-no6,6
88290,1931-10-07,BMC-News-vol18-no1,6
88166,1930-11-19,BMC-News-vol17-no7,6
86530,1924-10-22,BMC-News-vol11-no4,6
87473,1927-11-09,BMC-News-vol14-no5,4
87048,1933-01-11,BMC-News-vol19-no9,4
35596,1921-02-16,BMC-News-vol7-no15,6
90677,1954-02-24,BMC-News-vol40-no14,6
91614,1958-04-16,BMC-News-vol44-no19,6
87745,1935-03-06,BMC-News-vol21-no15,6
35245,1920-01-30,BMC-News-vol6-no14,6
89495,1944-06-06,BMC-News-vol30-no27,6
6654,1916-02-10,BMC-News-vol2-no16,4
92726,1967-10-20,BMC-News-vol54-no5,8
52151,1921-11-09,BMC-News-vol8-no6,6
93005,1967-02-17,BMC-News-vol53-no13,8
91893,1955-05-31,BMC-News-vol41-no25,6
86957,1934-11-21,BMC-News-vol21-no6,6
89836,1946-12-11,BMC-News-vol33-no10,6
88126,1934-10-31,BMC-News-vol21-no3,6
6496,1914-10-08,BMC-News-vol1-no2,4
91513,1958-02-19,BMC-News-vol44-no13,6
87662,1932-05-06,BMC-News-vol18-no20,18
88173,1928-11-14,BMC-News-vol15-no6,4
88922,1937-02-24,BMC-News-vol23-no15,6
92931,1964-02-21,BMC-News-vol50-no13,4
86464,1924-03-05,BMC-News-vol10-no17,7
91631,1959-11-04,BMC-News-vol46-no6,6
52144,1922-05-03,BMC-News-vol8-no22,6
90092,1949-02-16,BMC-News-vol35-no14,8
90770,1948-12-15,BMC-News-vol35-no11,6
86795,1930-10-22,BMC-News-vol17-no3,4
6791,1916-10-18,BMC-News-vol3-no3,4
89197,1944-04-12,BMC-News-vol30-no21,6
90556,1946-01-16,BMC-News-vol32-no11,4
86559,1926-03-31,BMC-News-vol12-no20,4
89320,1938-10-19,BMC-News-vol25-no2,4
86749,1923-11-14,BMC-News-vol10-no7,6
88929,1942-12-09,BMC-News-vol29-no11,6
52152,1921-11-16,BMC-News-vol8-no7,6
88323,1936-03-25,BMC-News-vol22-no18,6
92027,1956-02-22,BMC-News-vol42-no13,6
88606,1941-11-26,BMC-News-vol28-no9,6
7759,1918-11-14,BMC-News-vol5-no7,6
88465,1939-01-18,BMC-News-vol25-no11,4
88096,1934-11-07,BMC-News-vol21-no4,6
86686,1925-03-18,BMC-News-vol11-no19,8
7758,1918-11-07,BMC-News-vol5-no6,6
91282,1962-01-17,BMC-News-vol48-no11,4
89365,1939-03-08,BMC-News-vol25-no15,6
87372,1933-05-17,BMC-News-vol19-no22,6
90978,1946-10-23,BMC-News-vol33-no4,4
6505,1914-12-17,BMC-News-vol1-no11,4
6498,1914-10-22,BMC-News-vol1-no4,4
90854,1945-02-21,BMC-News-vol31-no16,4
86938,1931-12-09,BMC-News-vol18-no8,6
92139,1958-10-15,BMC-News-vol45-no3,4
92735,1968-04-05,BMC-News-vol54-no17,8
87848,1936-01-08,BMC-News-vol22-no9,4
87107,1930-10-15,BMC-News-vol17-no2,4
6663,1916-04-13,BMC-News-vol2-no25,4
86493,1925-06-03,BMC-News-vol11-no27,8
88761,1943-10-07,BMC-News-vol30-no2,4
7011,1917-11-28,BMC-News-vol4-no9,6
91966,1960-04-06,BMC-News-vol46-no19,6
91216,1954-10-13,BMC-News-vol41-no3,6
91334,1959-12-09,BMC-News-vol46-no10,6
92765,1966-04-22,BMC-News-vol52-no20,6
91131,1946-05-15,BMC-News-vol32-no24,4
90880,1948-03-11,BMC-News-vol34-no17,6
75303,1923-01-24,BMC-News-vol9-no13,6
7780,1919-05-14,BMC-News-vol5-no28,6
90736,1944-11-15,BMC-News-vol31-no8,4
87719,1936-04-29,BMC-News-vol22-no22,6
92749,1965-04-30,BMC-News-vol51-no21,8
92721,1963-11-15,BMC-News-vol50-no8,4
91752,1956-05-01,BMC-News-vol42-no21,6
91682,1959-05-06,BMC-News-vol45-no23,4
89430,1938-11-09,BMC-News-vol25-no5,4
92561,1965-03-05,BMC-News-vol51-no15,4
88644,1939-01-11,BMC-News-vol25-no10,6
90940,1954-05-12,BMC-News-vol40-no23,6
86599,1924-05-07,BMC-News-vol10-no25,9
86336,1926-05-05,BMC-News-vol12-no24,8
75282,1922-11-22,BMC-News-vol9-no8,6
86872,1934-05-02,BMC-News-vol20-no22,8
93209,1966-03-04,BMC-News-vol52-no15,8
87167,1933-12-20,BMC-News-vol20-no10,4
91973,1960-03-02,BMC-News-vol46-no15,4
87858,1929-04-17,BMC-News-vol15-no19,6
89919,1950-10-18,BMC-News-vol37-no3,6
89654,1952-05-01,BMC-News-vol38-no23,8
87636,1927-04-20,BMC-News-vol13-no22,6
91818,1960-10-01,BMC-News-vol47-no1,6
89740,1950-01-11,BMC-News-vol36-no11,6
88541,1939-12-13,BMC-News-vol26-no9,6
89066,1943-04-21,BMC-News-vol29-no22,4
91105,1946-12-18,BMC-News-vol33-no11,4
86544,1924-01-16,BMC-News-vol10-no13,8
91230,1959-05-13,BMC-News-vol45-no24,6
92571,1968-03-08,BMC-News-vol54-no16,8
91244,1961-12-06,BMC-News-vol48-no9,6
87222,1929-02-20,BMC-News-vol15-no13,4
7773,1919-03-19,BMC-News-vol5-no21,6
90045,1949-10-12,BMC-News-vol36-no2,6
86436,1925-05-13,BMC-News-vol11-no26,6
89050,1940-03-27,BMC-News-vol26-no18,6
88339,1941-09-26,BMC-News-vol28-no1,4
88962,1940-03-13,BMC-News-vol26-no16,6
86658,1925-10-07,BMC-News-vol12-no2,6
91379,1958-10-08,BMC-News-vol45-no2,6
86352,1925-11-11,BMC-News-vol12-no7,6
92990,1964-01-14,BMC-News-vol50-no11,4
92604,1968-10-04,BMC-News-vol55-no3,4
92286,1960-05-31,BMC-News-vol46-no22,4
86472,1924-10-15,BMC-News-vol11-no3,6
93233,1967-09-29,BMC-News-vol54-no3,6
92926,1965-01-15,BMC-News-vol51-no11,4
6664,1916-04-20,BMC-News-vol2-no26,4
6508,1915-01-21,BMC-News-vol1-no14,4
86665,1926-04-14,BMC-News-vol12-no21,6
92326,1956-05-16,BMC-News-vol42-no23,6
86924,1935-05-15,BMC-News-vol21-no24,6
92201,1954-11-10,BMC-News-vol41-no7,6
90966,1950-11-29,BMC-News-vol37-no8,6
92291,1956-04-11,BMC-News-vol42-no18,6
35259,1920-06-02,BMC-News-vol6-no29,6
90758,1949-11-09,BMC-News-vol36-no6,6
75245,1922-10-05,BMC-News-vol9-no1,6
88780,1937-02-10,BMC-News-vol23-no13,6
89954,1947-03-05,BMC-News-vol33-no17,6
92688,1962-10-17,BMC-News-vol49-no4,6
90546,1948-10-13,BMC-News-vol35-no3,4
91919,1960-10-26,BMC-News-vol47-no4,6
89888,1945-01-10,BMC-News-vol31-no12,4
87686,1932-11-30,BMC-News-vol19-no6,4
89580,1938-12-14,BMC-News-vol25-no9,6
88147,1933-10-11,BMC-News-vol20-no1,6
87435,1931-04-29,BMC-News-vol17-no20,4
35241,1919-12-10,BMC-News-vol6-no10,7
86248,1925-04-08,BMC-News-vol11-no21,8
87655,1930-02-12,BMC-News-vol16-no12,6
89409,1939-05-01,BMC-News-vol25-no21,6
89469,1937-04-21,BMC-News-vol23-no22,6
93263,1963-12-13,BMC-News-vol50-no10,8
89031,1939-04-12,BMC-News-vol25-no18,6
89704,1953-05-13,BMC-News-vol39-no23,6
87292,1935-01-16,BMC-News-vol21-no11,6
93185,1966-11-18,BMC-News-vol53-no10,6
93272,1964-02-28,BMC-News-vol50-no14,8
87948,1935-01-09,BMC-News-vol21-no10,4
86763,1926-10-06,BMC-News-vol13-no2,4
6792,1916-10-25,BMC-News-vol3-no4,4
6647,1915-11-25,BMC-News-vol2-no9,4
52140,1922-03-28,BMC-News-vol8-no19,6
52150,1921-11-02,BMC-News-vol8-no5,6
92262,1961-02-22,BMC-News-vol47-no13,6
90801,1947-05-02,BMC-News-vol33-no23,6
91014,1948-03-03,BMC-News-vol34-no16,6
92065,1958-03-19,BMC-News-vol44-no17,6
89843,1946-03-27,BMC-News-vol32-no19,4
90230,1949-10-26,BMC-News-vol36-no4,6
88754,1939-03-22,BMC-News-vol25-no17,6
87172,1931-10-14,BMC-News-vol18-no2,6
90551,1946-06-11,BMC-News-vol32-no26,4
35593,1921-01-12,BMC-News-vol7-no12,6
35614,1920-11-03,BMC-News-vol7-no6,6
91985,1960-03-16,BMC-News-vol46-no17,6
90643,1948-04-28,BMC-News-vol34-no22,4
90383,1953-10-07,BMC-News-vol40-no2,6
86987,1935-02-20,BMC-News-vol21-no13,6
91626,1954-12-08,BMC-News-vol41-no10,4
87227,1928-11-07,BMC-News-vol15-no5,6
92614,1968-04-26,BMC-News-vol54-no18,8
7778,1919-04-30,BMC-News-vol5-no26,6
35595,1921-02-09,BMC-News-vol7-no14,6
88084,1936-05-13,BMC-News-vol22-no24,6
91687,1956-09-30,BMC-News-vol43-no1,6
6814,1917-05-09,BMC-News-vol3-no26,6
90179,1952-03-12,BMC-News-vol38-no18,6
89232,1943-01-22,BMC-News-vol29-no13,4
90256,1952-12-03,BMC-News-vol39-no9,6
92507,1963-06-03,BMC-News-vol49-no23,8
91265,1961-01-11,BMC-News-vol47-no10,4
6802,1917-01-24,BMC-News-vol3-no14,6
86994,1935-02-13,BMC-News-vol21-no12,6
88268,1934-02-21,BMC-News-vol20-no14,6
75324,1923-02-28,BMC-News-vol9-no16,6
7763,1918-12-19,BMC-News-vol5-no11,6
35254,1920-04-21,BMC-News-vol6-no24,6
92369,1957-11-13,BMC-News-vol44-no7,6
92086,1954-09-26,BMC-News-vol41-no1,4
92654,1964-04-24,BMC-News-vol50-no20,6
87253,1928-01-18,BMC-News-vol14-no11,6
92493,1967-03-03,BMC-News-vol53-no15,8
52149,1921-10-26,BMC-News-vol8-no4,6
92194,1959-10-28,BMC-News-vol46-no5,6
90309,1954-02-17,BMC-News-vol40-no13,6
87526,1932-04-13,BMC-News-vol18-no17,6
89860,1952-11-05,BMC-News-vol39-no6,6
88601,1942-11-18,BMC-News-vol29-no8,4
89609,1938-10-12,BMC-News-vol25-no1,6
90660,1945-12-12,BMC-News-vol32-no10,4
86919,1928-04-25,BMC-News-vol14-no22,4
92034,1961-03-22,BMC-News-vol47-no17,4
93148,1965-04-23,BMC-News-vol51-no20,4
90263,1947-02-19,BMC-News-vol33-no15,4
90573,1944-10-04,BMC-News-vol31-no2,4
90361,1948-02-25,BMC-News-vol34-no15,4
93192,1964-11-13,BMC-News-vol51-no8,6
86227,1924-02-20,BMC-News-vol10-no15,6
6795,1916-11-15,BMC-News-vol3-no7,4
88192,1932-03-02,BMC-News-vol18-no14,6
86728,1926-03-10,BMC-News-vol12-no17,6
88830,1942-03-04,BMC-News-vol28-no17,6
6800,1917-01-10,BMC-News-vol3-no12,6
90997,1950-12-13,BMC-News-vol37-no10,6
87712,1935-03-27,BMC-News-vol21-no18,6
6807,1917-03-14,BMC-News-vol3-no19,6
7010,1917-11-22,BMC-News-vol4-no8,6
90292,1952-11-12,BMC-News-vol39-no7,6
7781,1919-06-03,BMC-News-vol5-no29,6
87127,1932-03-23,BMC-News-vol18-no16,4
86716,1925-11-18,BMC-News-vol12-no8,4
91654,1960-03-10,BMC-News-vol46-no16,6
35608,1921-05-11,BMC-News-vol7-no26,6
88427,1942-10-07,BMC-News-vol29-no2,6
88204,1934-03-21,BMC-News-vol20-no18,6
7766,1919-01-22,BMC-News-vol5-no14,6
52131,1921-12-14,BMC-News-vol8-no10,6
92803,1965-04-16,BMC-News-vol51-no19,6
87332,1929-05-15,BMC-News-vol15-no23,4
92744,1967-04-21,BMC-News-vol53-no19,4
88185,1933-11-08,BMC-News-vol20-no5,6
91299,1957-03-27,BMC-News-vol43-no18,7
91914,1962-03-14,BMC-News-vol48-no16,4
92151,1955-04-13,BMC-News-vol41-no20,6
7002,1918-05-23,BMC-News-vol4-no27,6
87993,1927-05-18,BMC-News-vol13-no26,6
90510,1945-11-14,BMC-News-vol32-no7,4
92544,1965-10-08,BMC-News-vol52-no2,6
90787,1948-11-17,BMC-News-vol35-no8,6
92566,1963-11-08,BMC-News-vol50-no7,4
86735,1923-11-07,BMC-News-vol10-no6,6
92681,1962-10-31,BMC-News-vol49-no6,6
89190,1936-11-11,BMC-News-vol23-no6,6
90242,1952-09-28,BMC-News-vol39-no1,6
7003,1918-05-30,BMC-News-vol4-no28,6
92274,1962-02-14,BMC-News-vol48-no12,6
6504,1914-12-10,BMC-News-vol1-no10,4
88651,1943-10-14,BMC-News-vol30-no3,4
89730,1951-04-25,BMC-News-vol37-no20,4
91067,1947-12-03,BMC-News-vol34-no9,4
87490,1930-04-23,BMC-News-vol16-no20,4
88726,1937-03-02,BMC-News-vol23-no16,8
91155,1947-04-16,BMC-News-vol33-no21,6
93106,1967-02-24,BMC-News-vol53-no14,8
35615,1920-11-10,BMC-News-vol7-no7,6
88534,1942-05-06,BMC-News-vol28-no24,6
89218,1937-03-17,BMC-News-vol23-no18,6
88306,1932-12-07,BMC-News-vol19-no7,6
89961,1949-01-12,BMC-News-vol35-no12,4
93129,1968-05-27,BMC-News-vol54-no19,4
86950,1928-04-03,BMC-News-vol14-no20,6
87650,1927-10-19,BMC-News-vol14-no2,4
89341,1941-05-14,BMC-News-vol27-no24,6
87466,1933-03-22,BMC-News-vol19-no16,6
88256,1927-11-16,BMC-News-vol14-no6,4
92099,1961-10-04,BMC-News-vol48-no2,4
86322,1925-12-16,BMC-News-vol12-no11,6
89516,1943-02-10,BMC-News-vol29-no14,6
87726,1931-02-25,BMC-News-vol17-no13,6
87538,1928-12-12,BMC-News-vol15-no9,6
86553,1926-01-13,BMC-News-vol12-no12,6
89675,1953-03-11,BMC-News-vol39-no16,4
90746,1950-04-26,BMC-News-vol36-no21,6
88886,1943-02-24,BMC-News-vol29-no16,6
35237,1919-11-05,BMC-News-vol6-no6,6
92388,1963-10-25,BMC-News-vol50-no5,4
91558,1955-02-16,BMC-News-vol41-no14,6
91402,1960-12-14,BMC-News-vol47-no9,4
92305,1957-10-23,BMC-News-vol44-no4,6
7775,1919-04-02,BMC-News-vol5-no23,6
6656,1916-02-24,BMC-News-vol2-no18,4
86380,1925-10-14,BMC-News-vol12-no3,6
92158,1961-03-01,BMC-News-vol47-no14,4
89277,1942-02-11,BMC-News-vol28-no14,6
88950,1936-11-18,BMC-News-vol23-no7,6
92441,1967-11-10,BMC-News-vol54-no8,8
6797,1916-11-29,BMC-News-vol3-no9,6
35610,1921-06-01,BMC-News-vol7-no28,6
92551,1963-05-08,BMC-News-vol49-no22,4
92810,1963-03-13,BMC-News-vol49-no16,6
88742,1943-02-17,BMC-News-vol29-no15,4
6801,1917-01-17,BMC-News-vol3-no13,6
86623,1924-04-09,BMC-News-vol10-no21,6
87533,1928-11-28,BMC-News-vol15-no8,4
90901,1946-12-04,BMC-News-vol33-no9,4
92298,1959-03-11,BMC-News-vol45-no16,6
6514,1915-03-11,BMC-News-vol1-no20,4
87186,1936-05-03,BMC-News-vol22-no23,18
87568,1928-02-22,BMC-News-vol14-no14,6
92702,1965-03-12,BMC-News-vol51-no16,6
86241,1923-10-04,BMC-News-vol10-no1,6
90129,1945-10-31,BMC-News-vol32-no5,6
87925,1933-03-08,BMC-News-vol19-no14,4
89133,1940-05-15,BMC-News-vol26-no23,6
93204,1968-02-16,BMC-News-vol54-no13,4
90108,1950-03-08,BMC-News-vol36-no16,6
86809,1932-10-19,BMC-News-vol19-no1,8
52145,1922-05-10,BMC-News-vol8-no23,6
91287,1958-05-14,BMC-News-vol44-no23,4
90349,1952-01-09,BMC-News-vol38-no12,4
89244,1939-02-22,BMC-News-vol25-no13,6
75381,1923-04-17,BMC-News-vol9-no21,6
7004,1918-06-05,BMC-News-vol4-no29,6
52148,1921-10-19,BMC-News-vol8-no3,5
92104,1961-05-01,BMC-News-vol47-no21,4
91148,1947-01-22,BMC-News-vol33-no13,6
88505,1942-11-04,BMC-News-vol29-no6,4
88000,1930-11-12,BMC-News-vol17-no6,4
89509,1937-04-28,BMC-News-vol23-no23,6
90990,1950-11-01,BMC-News-vol37-no5,6
91043,1954-06-01,BMC-News-vol40-no24,4
6988,1918-01-25,BMC-News-vol4-no14,6
89800,1949-12-07,BMC-News-vol36-no9,6
88634,1944-02-16,BMC-News-vol30-no15,4
93158,1966-02-18,BMC-News-vol52-no13,4
35247,1920-02-26,BMC-News-vol6-no16,8
88851,1937-05-12,BMC-News-vol23-no25,6
88881,1937-11-10,BMC-News-vol24-no6,4
87074,1930-10-08,BMC-News-vol17-no1,6
6500,1914-11-05,BMC-News-vol1-no6,4
86863,1934-04-11,BMC-News-vol20-no19,8
92516,1967-03-10,BMC-News-vol53-no16,4
89616,1938-06-01,BMC-News-vol24-no26,6
6815,1917-05-16,BMC-News-vol3-no27,6
7768,1919-02-12,BMC-News-vol5-no16,6
89874,1952-06-03,BMC-News-vol38-no25,6
87155,1928-02-29,BMC-News-vol14-no15,4
87353,1927-12-20,BMC-News-vol14-no10,4
89976,1946-10-16,BMC-News-vol33-no3,4
87733,1935-12-11,BMC-News-vol22-no8,6
91223,1954-12-15,BMC-News-vol41-no11,6
91694,1958-11-12,BMC-News-vol45-no7,6
7009,1917-11-14,BMC-News-vol4-no7,6
89395,1937-10-06,BMC-News-vol24-no1,6
90906,1945-04-11,BMC-News-vol31-no21,4
92236,1958-05-07,BMC-News-vol44-no22,4
87001,1933-03-15,BMC-News-vol19-no15,6
91701,1960-10-19,BMC-News-vol47-no3,6
89325,1941-12-03,BMC-News-vol28-no10,6
52136,1922-03-01,BMC-News-vol8-no15,6
88392,1942-05-01,BMC-News-vol28-no23,6
52137,1922-03-08,BMC-News-vol8-no16,6
88313,1929-11-26,BMC-News-vol16-no8,2
87799,1927-06-01,BMC-News-vol13-no27,6
87986,1928-10-17,BMC-News-vol15-no2,6
87887,1928-10-10,BMC-News-vol15-no1,4
92333,1961-10-25,BMC-News-vol48-no5,6
91794,1957-06-04,BMC-News-vol43-no24,4
90875,1946-02-13,BMC-News-vol32-no13,4
88261,1936-03-04,BMC-News-vol22-no15,6
91327,1957-05-01,BMC-News-vol43-no21,6
91581,1960-10-12,BMC-News-vol47-no2,6
91780,1961-11-15,BMC-News-vol48-no8,6
92900,1962-12-05,BMC-News-vol49-no9,6
88874,1941-11-12,BMC-News-vol28-no7,6
75366,1922-12-13,BMC-News-vol9-no10,7
89568,1944-03-22,BMC-News-vol30-no20,4
88678,1940-03-20,BMC-News-vol26-no17,6
92877,1968-02-23,BMC-News-vol54-no14,8
35609,1921-05-18,BMC-News-vol7-no27,6
89386,1940-04-24,BMC-News-vol26-no20,8
91959,1956-04-18,BMC-News-vol42-no19,6
91661,1960-02-10,BMC-News-vol46-no12,6
91004,1949-03-09,BMC-News-vol35-no17,4
93014,1968-02-02,BMC-News-vol54-no11,8
89764,1950-03-01,BMC-News-vol36-no15,6
89900,1945-02-14,BMC-News-vol31-no15,4
7765,1919-01-15,BMC-News-vol5-no13,6
89147,1940-05-01,BMC-News-vol26-no21,8
6794,1916-11-08,BMC-News-vol3-no6,4
86768,1926-10-02,BMC-News-vol13-no1,4
86742,1925-09-30,BMC-News-vol12-no1,6
6789,1916-10-04,BMC-News-vol3-no1,4
90971,1954-01-13,BMC-News-vol40-no11,6
87260,1929-02-13,BMC-News-vol15-no12,6
88893,1944-04-26,BMC-News-vol30-no23,4
88811,1937-03-24,BMC-News-vol23-no19,4
91449,1961-10-18,BMC-News-vol48-no4,4
35238,1919-11-12,BMC-News-vol6-no7,6
88434,1938-04-20,BMC-News-vol24-no22,6
86881,1935-02-27,BMC-News-vol21-no14,6
52132,1922-01-11,BMC-News-vol8-no11,6
93023,1967-09-16,BMC-News-vol54-no1,4
86800,1928-05-02,BMC-News-vol14-no23,8
93258,1966-03-11,BMC-News-vol52-no16,4
35606,1921-04-27,BMC-News-vol7-no24,6
93180,1963-03-20,BMC-News-vol49-no17,4
92781,1964-10-08,BMC-News-vol51-no3,4
6809,1917-03-28,BMC-News-vol3-no21,6
86450,1925-01-14,BMC-News-vol11-no12,6
86479,1924-03-12,BMC-News-vol10-no18,6
87452,1935-03-20,BMC-News-vol21-no17,6
6518,1915-04-22,BMC-News-vol1-no24,4
91867,1961-03-15,BMC-News-vol47-no16,6
91881,1958-01-15,BMC-News-vol44-no11,4
91525,1962-02-28,BMC-News-vol48-no14,6
87561,1934-01-17,BMC-News-vol20-no12,6
90638,1946-04-17,BMC-News-vol32-no20,4
91461,1959-01-14,BMC-News-vol45-no11,4
90609,1947-11-12,BMC-News-vol34-no7,4
87832,1931-06-02,BMC-News-vol17-no23,6
86523,1924-03-25,BMC-News-vol10-no20,6
90299,1944-10-18,BMC-News-vol31-no4,4
35234,1919-10-14,BMC-News-vol6-no3,4
90568,1949-04-20,BMC-News-vol35-no21,4
91931,1955-01-12,BMC-News-vol41-no12,6
92163,1957-12-18,BMC-News-vol44-no10,6
89251,1938-11-02,BMC-News-vol25-no4,6
90724,1949-02-23,BMC-News-vol35-no15,6
90280,1952-10-29,BMC-News-vol39-no5,4
88898,1937-10-20,BMC-News-vol24-no3,6
92182,1962-06-05,BMC-News-vol48-no22,4
7767,1919-01-30,BMC-News-vol5-no15,6
91321,1962-04-18,BMC-News-vol48-no18,5
90859,1953-05-01,BMC-News-vol39-no21,8
93037,1964-05-01,BMC-News-vol50-no21,6
6667,1916-05-18,BMC-News-vol2-no29,4
92502,1964-02-07,BMC-News-vol50-no12,4
89573,1941-02-26,BMC-News-vol27-no15,6
89379,1941-06-04,BMC-News-vol27-no25,6
93075,1965-10-22,BMC-News-vol52-no4,4
90268,1954-04-21,BMC-News-vol40-no20,4
87179,1935-04-24,BMC-News-vol21-no21,6
35601,1920-10-06,BMC-News-vol7-no2,6
35248,1920-03-03,BMC-News-vol6-no17,6
6991,1918-02-28,BMC-News-vol4-no17,6
88297,1935-04-10,BMC-News-vol21-no19,8
91407,1958-03-26,BMC-News-vol44-no18,6
89045,1943-03-24,BMC-News-vol29-no20,4
6992,1918-03-07,BMC-News-vol4-no18,6
90220,1945-11-07,BMC-News-vol32-no6,4
86516,1923-11-27,BMC-News-vol10-no9,6
89358,1941-05-07,BMC-News-vol27-no23,6
92471,1964-03-13,BMC-News-vol50-no16,7
93090,1965-02-26,BMC-News-vol51-no14,8
86502,1926-05-19,BMC-News-vol53-no2,6
91668,1961-11-01,BMC-News-vol48-no6,6
91055,1950-09-30,BMC-News-vol37-no1,4
93099,1963-03-27,BMC-News-vol49-no18,6
89353,1943-11-24,BMC-News-vol30-no9,4
90366,1948-11-03,BMC-News-vol35-no6,6
90249,1949-11-30,BMC-News-vol36-no8,6
88692,1940-12-18,BMC-News-vol27-no11,4
87365,1927-10-26,BMC-News-vol14-no3,6
88038,1936-04-08,BMC-News-vol22-no19,6
88821,1944-05-17,BMC-News-vol30-no26,8
6984,1917-12-13,BMC-News-vol4-no10,6
7776,1919-04-09,BMC-News-vol5-no24,6
87397,1929-11-13,BMC-News-vol16-no6,6
6659,1916-03-16,BMC-News-vol2-no21,4
89592,1943-04-14,BMC-News-vol29-no21,6
7757,1918-10-31,BMC-News-vol5-no5,6
90777,1945-04-18,BMC-News-vol31-no22,4
91952,1961-09-27,BMC-News-vol48-no1,6
91251,1956-12-12,BMC-News-vol43-no9,6
6793,1916-11-01,BMC-News-vol3-no5,4
87241,1934-02-14,BMC-News-vol20-no13,6
88356,1940-11-27,BMC-News-vol27-no9,6
87015,1932-11-02,BMC-News-vol19-no3,6
89735,1950-05-17,BMC-News-vol36-no24,4
6996,1918-03-27,BMC-News-vol4-no21,6
91804,1956-01-11,BMC-News-vol42-no10,6
52138,1922-03-15,BMC-News-vol8-no17,6
90237,1945-10-24,BMC-News-vol32-no4,4
86571,1925-02-18,BMC-News-vol11-no15,6
91546,1957-10-16,BMC-News-vol44-no3,6
89140,1938-05-11,BMC-News-vol24-no25,6
90849,1947-10-22,BMC-News-vol34-no4,4
89454,1943-03-03,BMC-News-vol29-no17,4
91048,1946-03-13,BMC-News-vol32-no17,6
35257,1920-05-13,BMC-News-vol6-no27,6
6509,1915-01-28,BMC-News-vol1-no15,4
86818,1934-04-18,BMC-News-vol20-no20,6
6646,1915-11-18,BMC-News-vol2-no8,4
87870,1932-02-17,BMC-News-vol18-no12,4
86308,1924-10-01,BMC-News-vol11-no1,6
90527,1952-10-08,BMC-News-vol39-no2,6
92864,1967-04-14,BMC-News-vol53-no18,12
75395,1923-02-21,BMC-News-vol9-no15,6
88702,1938-12-07,BMC-News-vol25-no8,4
90285,1946-11-20,BMC-News-vol33-no8,6
86273,1923-10-31,BMC-News-vol10-no5,6
87285,1934-05-09,BMC-News-vol20-no23,6
90153,1951-03-07,BMC-News-vol37-no15,6
89725,1951-05-16,BMC-News-vol37-no23,4
6653,1916-01-20,BMC-News-vol2-no15,4
6510,1915-02-11,BMC-News-vol1-no16,4
89168,1942-02-25,BMC-News-vol28-no16,6
92936,1966-02-25,BMC-News-vol52-no14,4
86844,1929-04-24,BMC-News-vol15-no20,6
89848,1947-11-05,BMC-News-vol34-no6,4
90033,1950-02-15,BMC-News-vol36-no13,6
6515,1915-03-18,BMC-News-vol1-no21,4
89128,1938-11-16,BMC-News-vol25-no7,4
87122,1928-04-18,BMC-News-vol14-no21,4
86213,1924-02-27,BMC-News-vol10-no16,6
87267,1927-04-13,BMC-News-vol13-no21,8
87681,1927-11-02,BMC-News-vol14-no4,4
92020,1959-10-14,BMC-News-vol46-no3,6
89647,1952-02-27,BMC-News-vol38-no16,6
92418,1968-09-27,BMC-News-vol55-no2,6
93223,1964-11-20,BMC-News-vol51-no9,4
88244,1934-01-10,BMC-News-vol20-no11,6
6790,1916-10-11,BMC-News-vol3-no2,4
86837,1929-03-13,BMC-News-vol15-no16,6
86964,1931-10-28,BMC-News-vol18-no4,6
90457,1948-01-29,BMC-News-vol34-no12,4
89021,1937-12-15,BMC-News-vol24-no10,4
92170,1955-10-02,BMC-News-vol42-no1,4
92530,1963-11-22,BMC-News-vol50-no9,4
35256,1920-05-07,BMC-News-vol6-no26,6
